,link
0,"https://www.legimi.pl/katalog/kryminal,g212/?sort=popularity&page=2"
1,"https://www.legimi.pl/katalog/kryminal,g212/?sort=popularity&page=3"
2,"https://www.legimi.pl/katalog/kryminal,g212/?sort=popularity&page=4"
3,"https://www.legimi.pl/katalog/kryminal,g212/?sort=popularity&page=5"
4,"https://www.legimi.pl/katalog/kryminal,g212/?sort=popularity&page=6"
5,"https://www.legimi.pl/katalog/kryminal,g212/?sort=popularity&page=7"
6,"https://www.legimi.pl/katalog/kryminal,g212/?sort=popularity&page=8"
7,"https://www.legimi.pl/katalog/kryminal,g212/?sort=popularity&page=9"
8,"https://www.legimi.pl/katalog/kryminal,g212/?sort=popularity&page=10"
9,"https://www.legimi.pl/katalog/kryminal,g212/?sort=popularity&page=11"
10,"https://www.legimi.pl/katalog/kryminal,g212/?sort=popularity&page=12"
11,"https://www.legimi.pl/katalog/kryminal,g212/?sort=popularity&page=13"
12,"https://www.legimi.pl/katalog/kryminal,g212/?sort=popularity&page=14"
13,"https://www.legimi.pl/katalog/kryminal,g212/?sort=popularity&page=15"
14,"https://www.legimi.pl/katalog/kryminal,g212/?sort=popularity&page=16"
15,"https://www.legimi.pl/katalog/kryminal,g212/?sort=popularity&page=17"
16,"https://www.legimi.pl/katalog/kryminal,g212/?sort=popularity&page=18"
17,"https://www.legimi.pl/katalog/kryminal,g212/?sort=popularity&page=19"
18,"https://www.legimi.pl/katalog/kryminal,g212/?sort=popularity&page=20"
19,"https://www.legimi.pl/katalog/kryminal,g212/?sort=popularity&page=21"
20,"https://www.legimi.pl/katalog/kryminal,g212/?sort=popularity&page=22"
21,"https://www.legimi.pl/katalog/kryminal,g212/?sort=popularity&page=23"
22,"https://www.legimi.pl/katalog/kryminal,g212/?sort=popularity&page=24"
23,"https://www.legimi.pl/katalog/kryminal,g212/?sort=popularity&page=25"
24,"https://www.legimi.pl/katalog/kryminal,g212/?sort=popularity&page=26"
25,"https://www.legimi.pl/katalog/kryminal,g212/?sort=popularity&page=27"
26,"https://www.legimi.pl/katalog/kryminal,g212/?sort=popularity&page=28"
27,"https://www.legimi.pl/katalog/kryminal,g212/?sort=popularity&page=29"
28,"https://www.legimi.pl/katalog/kryminal,g212/?sort=popularity&page=30"
29,"https://www.legimi.pl/katalog/kryminal,g212/?sort=popularity&page=31"
30,"https://www.legimi.pl/katalog/kryminal,g212/?sort=popularity&page=32"
31,"https://www.legimi.pl/katalog/kryminal,g212/?sort=popularity&page=33"
32,"https://www.legimi.pl/katalog/kryminal,g212/?sort=popularity&page=34"
33,"https://www.legimi.pl/katalog/kryminal,g212/?sort=popularity&page=35"
34,"https://www.legimi.pl/katalog/kryminal,g212/?sort=popularity&page=36"
35,"https://www.legimi.pl/katalog/kryminal,g212/?sort=popularity&page=37"
36,"https://www.legimi.pl/katalog/kryminal,g212/?sort=popularity&page=38"
37,"https://www.legimi.pl/katalog/kryminal,g212/?sort=popularity&page=39"
38,"https://www.legimi.pl/katalog/kryminal,g212/?sort=popularity&page=40"
39,"https://www.legimi.pl/katalog/kryminal,g212/?sort=popularity&page=41"
40,"https://www.legimi.pl/katalog/kryminal,g212/?sort=popularity&page=42"
41,"https://www.legimi.pl/katalog/kryminal,g212/?sort=popularity&page=43"
42,"https://www.legimi.pl/katalog/kryminal,g212/?sort=popularity&page=44"
43,"https://www.legimi.pl/katalog/kryminal,g212/?sort=popularity&page=45"
44,"https://www.legimi.pl/katalog/kryminal,g212/?sort=popularity&page=46"
45,"https://www.legimi.pl/katalog/kryminal,g212/?sort=popularity&page=47"
46,"https://www.legimi.pl/katalog/kryminal,g212/?sort=popularity&page=48"
47,"https://www.legimi.pl/katalog/kryminal,g212/?sort=popularity&page=49"
48,"https://www.legimi.pl/katalog/kryminal,g212/?sort=popularity&page=50"
49,"https://www.legimi.pl/katalog/kryminal,g212/?sort=popularity&page=51"
50,"https://www.legimi.pl/katalog/kryminal,g212/?sort=popularity&page=52"
51,"https://www.legimi.pl/katalog/kryminal,g212/?sort=popularity&page=53"
52,"https://www.legimi.pl/katalog/kryminal,g212/?sort=popularity&page=54"
53,"https://www.legimi.pl/katalog/kryminal,g212/?sort=popularity&page=55"
54,"https://www.legimi.pl/katalog/kryminal,g212/?sort=popularity&page=56"
55,"https://www.legimi.pl/katalog/kryminal,g212/?sort=popularity&page=57"
56,"https://www.legimi.pl/katalog/kryminal,g212/?sort=popularity&page=58"
57,"https://www.legimi.pl/katalog/kryminal,g212/?sort=popularity&page=59"
58,"https://www.legimi.pl/katalog/kryminal,g212/?sort=popularity&page=60"
59,"https://www.legimi.pl/katalog/kryminal,g212/?sort=popularity&page=61"
60,"https://www.legimi.pl/katalog/kryminal,g212/?sort=popularity&page=62"
61,"https://www.legimi.pl/katalog/kryminal,g212/?sort=popularity&page=63"
62,"https://www.legimi.pl/katalog/kryminal,g212/?sort=popularity&page=64"
63,"https://www.legimi.pl/katalog/kryminal,g212/?sort=popularity&page=65"
64,"https://www.legimi.pl/katalog/kryminal,g212/?sort=popularity&page=66"
65,"https://www.legimi.pl/katalog/kryminal,g212/?sort=popularity&page=67"
66,"https://www.legimi.pl/katalog/kryminal,g212/?sort=popularity&page=68"
67,"https://www.legimi.pl/katalog/kryminal,g212/?sort=popularity&page=69"
68,"https://www.legimi.pl/katalog/kryminal,g212/?sort=popularity&page=70"
69,"https://www.legimi.pl/katalog/kryminal,g212/?sort=popularity&page=71"
70,"https://www.legimi.pl/katalog/kryminal,g212/?sort=popularity&page=72"
71,"https://www.legimi.pl/katalog/kryminal,g212/?sort=popularity&page=73"
72,"https://www.legimi.pl/katalog/kryminal,g212/?sort=popularity&page=74"
73,"https://www.legimi.pl/katalog/kryminal,g212/?sort=popularity&page=75"
74,"https://www.legimi.pl/katalog/kryminal,g212/?sort=popularity&page=76"
75,"https://www.legimi.pl/katalog/kryminal,g212/?sort=popularity&page=77"
76,"https://www.legimi.pl/katalog/kryminal,g212/?sort=popularity&page=78"
77,"https://www.legimi.pl/katalog/kryminal,g212/?sort=popularity&page=79"
78,"https://www.legimi.pl/katalog/kryminal,g212/?sort=popularity&page=80"
79,"https://www.legimi.pl/katalog/kryminal,g212/?sort=popularity&page=81"
80,"https://www.legimi.pl/katalog/kryminal,g212/?sort=popularity&page=82"
81,"https://www.legimi.pl/katalog/kryminal,g212/?sort=popularity&page=83"
82,"https://www.legimi.pl/katalog/kryminal,g212/?sort=popularity&page=84"
83,"https://www.legimi.pl/katalog/kryminal,g212/?sort=popularity&page=85"
84,"https://www.legimi.pl/katalog/kryminal,g212/?sort=popularity&page=86"
85,"https://www.legimi.pl/katalog/kryminal,g212/?sort=popularity&page=87"
86,"https://www.legimi.pl/katalog/kryminal,g212/?sort=popularity&page=88"
87,"https://www.legimi.pl/katalog/kryminal,g212/?sort=popularity&page=89"
88,"https://www.legimi.pl/katalog/kryminal,g212/?sort=popularity&page=90"
89,"https://www.legimi.pl/katalog/kryminal,g212/?sort=popularity&page=91"
90,"https://www.legimi.pl/katalog/kryminal,g212/?sort=popularity&page=92"
91,"https://www.legimi.pl/katalog/kryminal,g212/?sort=popularity&page=93"
92,"https://www.legimi.pl/katalog/kryminal,g212/?sort=popularity&page=94"
93,"https://www.legimi.pl/katalog/kryminal,g212/?sort=popularity&page=95"
94,"https://www.legimi.pl/katalog/kryminal,g212/?sort=popularity&page=96"
95,"https://www.legimi.pl/katalog/kryminal,g212/?sort=popularity&page=97"
96,"https://www.legimi.pl/katalog/kryminal,g212/?sort=popularity&page=98"
97,"https://www.legimi.pl/katalog/kryminal,g212/?sort=popularity&page=99"
98,"https://www.legimi.pl/katalog/kryminal,g212/?sort=popularity&page=100"
99,"https://www.legimi.pl/katalog/kryminal,g212/?sort=popularity&page=101"
100,"https://www.legimi.pl/katalog/kryminal,g212/?sort=popularity&page=102"
101,"https://www.legimi.pl/katalog/kryminal,g212/?sort=popularity&page=103"
102,"https://www.legimi.pl/katalog/kryminal,g212/?sort=popularity&page=104"
103,"https://www.legimi.pl/katalog/kryminal,g212/?sort=popularity&page=105"
104,"https://www.legimi.pl/katalog/kryminal,g212/?sort=popularity&page=106"
105,"https://www.legimi.pl/katalog/kryminal,g212/?sort=popularity&page=107"
106,"https://www.legimi.pl/katalog/kryminal,g212/?sort=popularity&page=108"
107,"https://www.legimi.pl/katalog/kryminal,g212/?sort=popularity&page=109"
108,"https://www.legimi.pl/katalog/kryminal,g212/?sort=popularity&page=110"
109,"https://www.legimi.pl/katalog/kryminal,g212/?sort=popularity&page=111"
110,"https://www.legimi.pl/katalog/kryminal,g212/?sort=popularity&page=112"
111,"https://www.legimi.pl/katalog/kryminal,g212/?sort=popularity&page=113"
112,"https://www.legimi.pl/katalog/kryminal,g212/?sort=popularity&page=114"
113,"https://www.legimi.pl/katalog/kryminal,g212/?sort=popularity&page=115"
114,"https://www.legimi.pl/katalog/kryminal,g212/?sort=popularity&page=116"
115,"https://www.legimi.pl/katalog/kryminal,g212/?sort=popularity&page=117"
116,"https://www.legimi.pl/katalog/kryminal,g212/?sort=popularity&page=118"
117,"https://www.legimi.pl/katalog/kryminal,g212/?sort=popularity&page=119"
118,"https://www.legimi.pl/katalog/kryminal,g212/?sort=popularity&page=120"
119,"https://www.legimi.pl/katalog/kryminal,g212/?sort=popularity&page=121"
120,"https://www.legimi.pl/katalog/kryminal,g212/?sort=popularity&page=122"
121,"https://www.legimi.pl/katalog/kryminal,g212/?sort=popularity&page=123"
122,"https://www.legimi.pl/katalog/kryminal,g212/?sort=popularity&page=124"
123,"https://www.legimi.pl/katalog/kryminal,g212/?sort=popularity&page=125"
124,"https://www.legimi.pl/katalog/kryminal,g212/?sort=popularity&page=126"
125,"https://www.legimi.pl/katalog/kryminal,g212/?sort=popularity&page=127"
126,"https://www.legimi.pl/katalog/kryminal,g212/?sort=popularity&page=128"
127,"https://www.legimi.pl/katalog/kryminal,g212/?sort=popularity&page=129"
128,"https://www.legimi.pl/katalog/kryminal,g212/?sort=popularity&page=130"
129,"https://www.legimi.pl/katalog/kryminal,g212/?sort=popularity&page=131"
130,"https://www.legimi.pl/katalog/kryminal,g212/?sort=popularity&page=132"
131,"https://www.legimi.pl/katalog/kryminal,g212/?sort=popularity&page=133"
132,"https://www.legimi.pl/katalog/kryminal,g212/?sort=popularity&page=134"
133,"https://www.legimi.pl/katalog/kryminal,g212/?sort=popularity&page=135"
134,"https://www.legimi.pl/katalog/kryminal,g212/?sort=popularity&page=136"
135,"https://www.legimi.pl/katalog/kryminal,g212/?sort=popularity&page=137"
136,"https://www.legimi.pl/katalog/kryminal,g212/?sort=popularity&page=138"
137,"https://www.legimi.pl/katalog/kryminal,g212/?sort=popularity&page=139"
138,"https://www.legimi.pl/katalog/kryminal,g212/?sort=popularity&page=140"
139,"https://www.legimi.pl/katalog/kryminal,g212/?sort=popularity&page=141"
140,"https://www.legimi.pl/katalog/kryminal,g212/?sort=popularity&page=142"
141,"https://www.legimi.pl/katalog/kryminal,g212/?sort=popularity&page=143"
142,"https://www.legimi.pl/katalog/kryminal,g212/?sort=popularity&page=144"
143,"https://www.legimi.pl/katalog/kryminal,g212/?sort=popularity&page=145"
144,"https://www.legimi.pl/katalog/kryminal,g212/?sort=popularity&page=146"
145,"https://www.legimi.pl/katalog/kryminal,g212/?sort=popularity&page=147"
146,"https://www.legimi.pl/katalog/kryminal,g212/?sort=popularity&page=148"
147,"https://www.legimi.pl/katalog/kryminal,g212/?sort=popularity&page=149"
148,"https://www.legimi.pl/katalog/kryminal,g212/?sort=popularity&page=150"
149,"https://www.legimi.pl/katalog/kryminal,g212/?sort=popularity&page=151"
150,"https://www.legimi.pl/katalog/kryminal,g212/?sort=popularity&page=152"
151,"https://www.legimi.pl/katalog/kryminal,g212/?sort=popularity&page=153"
152,"https://www.legimi.pl/katalog/kryminal,g212/?sort=popularity&page=154"
153,"https://www.legimi.pl/katalog/kryminal,g212/?sort=popularity&page=155"
154,"https://www.legimi.pl/katalog/kryminal,g212/?sort=popularity&page=156"
155,"https://www.legimi.pl/katalog/kryminal,g212/?sort=popularity&page=157"
156,"https://www.legimi.pl/katalog/kryminal,g212/?sort=popularity&page=158"
157,"https://www.legimi.pl/katalog/kryminal,g212/?sort=popularity&page=159"
158,"https://www.legimi.pl/katalog/kryminal,g212/?sort=popularity&page=160"
159,"https://www.legimi.pl/katalog/kryminal,g212/?sort=popularity&page=161"
160,"https://www.legimi.pl/katalog/kryminal,g212/?sort=popularity&page=162"
161,"https://www.legimi.pl/katalog/kryminal,g212/?sort=popularity&page=163"
162,"https://www.legimi.pl/katalog/kryminal,g212/?sort=popularity&page=164"
163,"https://www.legimi.pl/katalog/kryminal,g212/?sort=popularity&page=165"
164,"https://www.legimi.pl/katalog/kryminal,g212/?sort=popularity&page=166"
165,"https://www.legimi.pl/katalog/kryminal,g212/?sort=popularity&page=167"
166,"https://www.legimi.pl/katalog/kryminal,g212/?sort=popularity&page=168"
167,"https://www.legimi.pl/katalog/kryminal,g212/?sort=popularity&page=169"
168,"https://www.legimi.pl/katalog/kryminal,g212/?sort=popularity"
